Date,ChlA,DO,Temp,DIN,SRP,Turbidity
07-Jan-85,1.30,,,,,
21-Jan-85,1.99,,,,,
06-Feb-85,1.29,,,,,
18-Feb-85,3.44,,,,,
04-Mar-85,3.14,,,,,
20-Mar-85,1.43,,,,,
03-Apr-85,,,,,,
17-Apr-85,2.72,,,,,
30-Apr-85,1.27,,,,,
22-May-85,4.45,,,,,
29-May-85,4.89,,,,,
12-Jun-85,6.04,,,,,
26-Jun-85,,,,,,
24-Jul-85,,,,,,
14-Aug-85,2.18,,,,,
21-Aug-85,1.80,,,,,
04-Sep-85,2.94,,,,,
18-Sep-85,,,,,,
02-Oct-85,2.74,,,,,
16-Oct-85,,,,,,
30-Oct-85,,,,,,
13-Nov-85,,,,,,
27-Nov-85,2.40,,,,,
18-Dec-85,5.78,,,,,
08-Jan-86,9.05,,,,,
22-Jan-86,,,,,,
05-Feb-86,3.56,,,,,
19-Feb-86,6.00,,,,,
12-Mar-86,5.50,,,,,
26-Mar-86,,,,,,
09-Apr-86,6.55,,,,,
07-May-86,3.68,,,,,
28-May-86,6.09,,,,,
25-Jun-86,10.56,,,,,
23-Jul-86,,,,,,
20-Aug-86,,,,,,
15-Oct-86,,,,,,
12-Nov-86,6.48,,,,,
11-Dec-86,5.67,,,,,
07-Jan-87,5.51,,,,,
04-Feb-87,9.12,,,,,
29-Apr-87,6.36,,,,,
27-May-87,10.02,,,,,
24-Jun-87,14.31,,,,,
15-Jul-87,10.96,,,,,
19-Aug-87,8.09,,,,,
16-Sep-87,18.06,,,,,
30-Sep-87,7.03,,,,,
14-Oct-87,8.46,,,,,
28-Oct-87,6.88,,,,,
11-Nov-87,2.88,,,,,
25-Nov-87,4.40,,,,,
09-Dec-87,8.36,,,,,
22-Dec-87,4.86,,,,,2.0
13-Jan-88,4.66,,,,,2.0
03-Feb-88,9.80,,24.0,,,1.4
10-Feb-88,11.25,,23.0,,,1.4
24-Feb-88,6.21,,,,,1.2
09-Mar-88,10.15,,22.0,,,1.3
23-Mar-88,9.06,,23.0,,,1.6
06-Apr-88,7.42,,23.0,,,1.4
20-Apr-88,10.51,,19.0,,,2.2
04-May-88,5.12,,23.0,,,3.0
18-May-88,6.42,,17.5,,,3.1
15-Jun-88,3.98,,13.0,,,3.0
13-Jul-88,7.23,,13.0,,,2.5
17-Aug-88,9.33,,14.0,,,2.5
07-Sep-88,10.10,,16.0,,,2.6
05-Oct-88,4.90,,21.0,,,2.3
19-Oct-88,6.40,,19.0,,,1.5
02-Nov-88,4.92,,22.0,,,1.4
30-Nov-88,,,22.0,,,1.7
14-Dec-88,6.16,,22.0,,,1.7
11-Jan-89,7.51,,25.5,,,1.3
01-Feb-89,5.24,,23.0,,,1.1
08-Feb-89,9.34,,22.0,,,1.2
22-Feb-89,6.37,,24.0,,,1.7
09-Mar-89,5.14,,23.0,,,1.2
30-Mar-89,7.17,,21.0,,,1.0
05-Apr-89,11.79,,21.0,,,2.0
19-Apr-89,8.17,,20.0,,,1.9
14-Jun-89,8.78,,12.0,,,3.0
06-Sep-89,8.91,,12.0,,,3.6
04-Oct-89,9.05,,17.0,,,2.7
18-Oct-89,7.28,,19.0,,,2.3
01-Nov-89,7.69,,18.0,,,2.3
15-Nov-89,5.96,,21.0,,,1.5
29-Nov-89,7.94,,22.0,,,1.2
13-Dec-89,9.21,,23.0,,,1.6
10-Jan-90,8.41,,23.0,,,2.8
24-Jan-90,9.97,,23.0,,,1.6
07-Feb-90,8.51,,23.0,,,2.1
21-Feb-90,7.56,,24.0,,,2.6
07-Mar-90,6.03,,23.5,,,2.1
21-Mar-90,11.54,,22.0,,,1.5
16-May-90,10.67,,17.0,,,1.1
11-Jul-90,6.62,,9.5,,,1.7
08-Aug-90,7.48,,12.0,,,2.8
05-Sep-90,6.35,,12.0,,,2.8
03-Oct-90,2.71,,16.0,,,2.5
17-Oct-90,2.79,,18.0,,,3.1
31-Oct-90,3.04,,18.0,,,1.9
14-Nov-90,1.44,,24.0,,,1.8
28-Nov-90,1.44,,22.0,,,1.5
12-Dec-90,2.04,,24.0,,,1.3
09-Jan-91,2.64,,25.0,,,1.3
23-Jan-91,3.60,,24.5,,,1.2
06-Feb-91,,,26.0,,,1.4
20-Feb-91,4.14,,24.0,,,1.5
06-Mar-91,2.88,,24.0,,,1.7
20-Mar-91,4.81,,23.0,,,1.8
03-Apr-91,2.99,,22.0,,,1.6
17-Apr-91,4.57,,21.0,,,1.2
15-May-91,3.29,,15.0,,,1.5
12-Jun-91,2.95,,16.0,,,1.0
10-Jul-91,0.84,,12.0,,,1.4
07-Aug-91,1.82,,12.5,,,1.4
04-Sep-91,0.79,,12.0,,,1.6
02-Oct-91,1.20,,18.0,,,1.0
16-Oct-91,1.82,,21.5,,,1.2
30-Oct-91,1.67,,20.2,,,1.2
13-Nov-91,3.07,,20.0,,,1.7
27-Nov-91,0.00,,21.5,,,1.7
11-Dec-91,6.57,,24.1,,,2.5
08-Jan-92,9.03,,24.1,,,2.2
22-Jan-92,4.30,,27.6,,,2.0
05-Feb-92,6.01,,25.0,,,1.7
19-Feb-92,1.96,,25.0,,,1.7
03-Mar-92,4.23,,23.0,,,2.2
17-Mar-92,4.25,,23.0,,,3.0
31-Mar-92,4.71,,23.6,,,2.5
14-Apr-92,4.32,,20.0,,,2.2
12-May-92,4.21,,19.0,,,2.0
10-Jun-92,6.73,,12.5,,,2.0
07-Jul-92,2.48,,11.8,,,2.2
04-Aug-92,4.11,,12.0,,,2.7
01-Sep-92,2.27,,12.3,,,2.7
29-Sep-92,1.97,,16.6,,,2.7
13-Oct-92,5.21,,17.5,,,1.7
27-Oct-92,1.02,,18.2,,,1.7
10-Nov-92,1.32,,21.5,,,1.5
24-Nov-92,,,23.0,,,1.2
08-Dec-92,0.97,,20.0,,,1.3
22-Dec-92,1.59,,24.8,,,1.2
04-Jan-93,2.16,,24.0,,,1.5
13-Jan-93,3.59,,,,,
20-Jan-93,3.60,,26.0,,,1.3
28-Jan-93,4.00,,,,,
03-Feb-93,2.90,,27.5,,,1.2
10-Feb-93,,,,,,
17-Feb-93,,,25.0,,,1.2
24-Feb-93,,,,,,
01-Mar-93,4.05,,24.5,,,1.6
08-Mar-93,,,,,,
15-Mar-93,4.80,,,,,1.2
22-Mar-93,4.71,,23.0,,,1.6
29-Mar-93,4.82,,,,,
05-Apr-93,,,,,,
27-Apr-93,3.59,,20.0,,,1.7
03-May-93,4.30,,,,,
10-May-93,2.54,,,,,
17-May-93,4.26,,,,,
24-May-93,7.21,,16.5,,,2.0
31-May-93,5.61,,,,,
07-Jun-93,4.26,,,,,
15-Jun-93,3.35,,,,,
21-Jun-93,3.55,,16.5,,,1.7
28-Jun-93,3.74,,,,,
05-Jul-93,4.53,,,,,
12-Jul-93,1.87,,,,,
19-Jul-93,3.11,,14.0,,,1.6
26-Jul-93,,,,,,
03-Aug-93,4.57,,14.0,0.015,0.002,
09-Aug-93,4.31,9.5,12.6,,,
16-Aug-93,5.22,9.6,15.0,0.033,0.002,2.3
23-Aug-93,3.80,9.6,14.0,0.078,0.002,2.3
30-Aug-93,2.40,9.1,15.3,,,
06-Sep-93,3.84,8.6,15.3,,,
13-Sep-93,2.96,9.2,16.0,0.076,0.002,2.2
20-Sep-93,3.74,9.4,16.2,0.015,0.002,2.6
28-Sep-93,2.64,8.7,17.3,,,
05-Oct-93,2.40,8.3,19.0,,,
11-Oct-93,2.14,8.3,19.3,0.030,0.002,2.2
18-Oct-93,3.20,7.7,19.0,,,
25-Oct-93,1.44,8.2,21.0,0.026,0.002,1.8
01-Nov-93,2.16,,,,,
08-Nov-93,2.52,8.3,20.2,0.015,0.002,1.7
15-Nov-93,1.90,8.2,20.8,,,
24-Nov-93,2.94,8.0,21.9,0.043,0.002,2.0
29-Nov-93,2.54,8.0,22.0,,,
08-Dec-93,3.36,8.4,21.5,0.025,0.002,1.3
15-Dec-93,1.72,8.2,26.0,,,
20-Dec-93,3.20,7.8,25.0,0.049,0.002,1.8
29-Dec-93,4.31,8.3,22.0,,,
04-Jan-94,5.83,7.0,25.5,0.115,0.002,1.9
11-Jan-94,3.60,6.8,24.5,,,
17-Jan-94,4.99,6.6,25.5,0.420,0.002,1.6
24-Jan-94,7.64,6.9,24.8,,,
31-Jan-94,7.48,6.9,26.0,0.015,0.002,1.9
07-Feb-94,6.17,6.5,26.8,,,
14-Feb-94,7.29,6.7,26.5,0.040,0.002,2.7
21-Feb-94,8.52,6.8,24.3,,,
28-Feb-94,8.28,6.9,25.5,0.020,0.012,2.4
21-Mar-94,15.20,9.0,20.8,,,
05-Apr-94,6.45,8.8,22.0,0.047,0.007,2.4
11-Apr-94,7.21,8.8,22.0,0.025,0.006,2.7
18-Apr-94,7.74,9.3,20.0,,,
26-Apr-94,6.68,9.4,20.0,0.035,0.002,2.6
02-May-94,4.06,9.0,21.0,,,
10-May-94,11.50,8.8,18.0,0.035,0.008,2.6
16-May-94,5.33,8.8,16.5,,,
25-May-94,10.60,9.4,14.5,0.015,0.002,2.9
30-May-94,3.20,9.6,14.0,,,
06-Jun-94,3.12,9.4,15.0,0.015,0.002,2.3
14-Jun-94,3.40,9.6,13.0,,,
27-Jun-94,2.67,10.0,12.0,0.025,0.002,2.4
04-Jul-94,1.07,10.0,12.0,0.015,0.002,2.3
11-Jul-94,1.07,9.8,13.0,,,
19-Jul-94,1.33,10.0,11.5,0.025,0.002,2.7
27-Jul-94,1.60,10.3,11.0,,,
02-Aug-94,1.92,10.3,10.0,0.085,0.006,3.7
09-Aug-94,0.24,10.3,10.5,,,
16-Aug-94,0.59,10.0,11.5,0.015,0.002,3.1
23-Aug-94,1.68,10.2,12.5,,,
30-Aug-94,4.00,9.7,14.5,0.050,0.002,2.3
06-Sep-94,0.27,9.5,16.0,,,
13-Sep-94,0.80,9.2,17.0,0.035,0.002,1.6
20-Sep-94,1.27,9.3,16.0,,,
26-Sep-94,0.53,9.5,15.8,0.045,0.002,1.8
04-Oct-94,0.27,9.5,16.5,,,
11-Oct-94,4.81,9.4,17.0,0.035,0.002,1.7
18-Oct-94,0.80,8.6,19.5,,,
25-Oct-94,0.27,8.6,20.0,0.015,0.002,1.9
01-Nov-94,0.56,8.3,20.0,,,
15-Nov-94,1.97,8.2,21.0,,,
29-Nov-94,0.68,8.0,24.5,,,
06-Dec-94,0.91,8.2,23.0,,,
13-Dec-94,2.06,7.7,24.0,,,
19-Dec-94,0.80,7.3,25.5,0.125,0.007,2.0
04-Jan-95,1.60,7.4,23.0,0.020,0.002,2.0
10-Jan-95,1.87,7.5,24.0,,,
16-Jan-95,2.67,8.0,25.0,0.085,0.002,2.4
24-Jan-95,2.94,7.9,23.0,,,
01-Feb-95,4.27,7.5,24.0,0.050,0.009,2.7
07-Feb-95,3.20,7.4,25.0,,,
14-Feb-95,3.74,7.5,25.0,0.040,0.002,3.0
21-Feb-95,4.27,7.8,22.5,,,
28-Feb-95,3.04,7.8,25.0,0.025,0.002,1.8
07-Mar-95,4.81,7.8,22.0,,,
13-Mar-95,5.61,7.5,22.5,0.070,0.002,2.2
21-Mar-95,2.64,7.4,24.0,,,
28-Mar-95,3.86,7.5,23.0,0.040,0.011,2.8
04-Apr-95,4.06,7.8,21.0,,,
11-Apr-95,5.34,8.7,17.0,0.040,0.008,3.5
18-Apr-95,,8.6,17.5,,,
26-Apr-95,9.08,8.6,19.0,0.035,0.002,1.8
02-May-95,,8.4,20.0,,,
08-May-95,4.99,10.2,18.0,0.015,0.002,2.5
16-May-95,6.49,9.6,18.0,,,
23-May-95,5.83,10.6,17.5,0.035,0.002,2.1
30-May-95,4.33,10.4,15.0,,,
06-Jun-95,4.28,6.7,14.9,0.025,0.002,1.9
13-Jun-95,,8.3,14.4,,,
20-Jun-95,5.58,8.5,12.5,0.020,0.002,2.2
27-Jun-95,3.24,8.7,12.5,,,8.4
05-Jul-95,3.80,9.1,11.3,0.015,0.002,
20-Jul-95,2.03,4.9,10.6,0.015,0.002,4.3
25-Jul-95,1.68,5.1,10.6,,,2.0
01-Aug-95,3.36,5.1,10.7,0.030,0.002,2.3
08-Aug-95,2.88,5.1,10.4,,,1.8
17-Aug-95,2.14,5.1,12.7,0.015,0.002,2.4
22-Aug-95,1.97,5.8,14.2,,,2.8
29-Aug-95,2.16,4.5,15.8,0.015,0.002,1.7
05-Sep-95,2.11,4.5,16.0,,,
12-Sep-95,1.41,4.5,15.4,0.015,0.002,2.4
28-Sep-95,0.94,4.4,16.0,0.080,0.002,2.4
04-Oct-95,0.46,4.3,16.9,,,
10-Oct-95,0.45,4.2,17.9,0.050,0.002,2.3
17-Oct-95,0.01,4.2,18.9,,,
26-Oct-95,0.45,4.0,19.5,0.025,0.002,
31-Oct-95,0.48,4.1,20.5,,,
07-Nov-95,0.21,3.9,20.7,0.015,0.002,1.4
14-Nov-95,1.38,4.1,21.4,,,
21-Nov-95,0.72,4.0,20.7,0.140,0.005,1.8
28-Nov-95,1.82,4.1,21.7,,,
05-Dec-95,0.48,4.1,24.1,0.030,0.003,2.4
12-Dec-95,0.51,3.7,23.2,,,
19-Dec-95,2.28,7.1,22.9,0.030,0.002,1.6
02-Jan-96,4.27,7.8,25.4,0.040,0.274,1.4
09-Jan-96,0.78,8.5,23.3,,,
16-Jan-96,1.52,9.8,25.4,0.260,0.002,1.5
23-Jan-96,2.94,7.7,25.0,,,
30-Jan-96,4.82,7.6,25.9,0.050,0.002,1.4
07-Feb-96,4.51,7.0,25.8,,,
13-Feb-96,4.81,9.3,23.0,0.100,0.002,2.1
20-Feb-96,0.01,9.8,22.6,,,
27-Feb-96,3.08,7.8,23.2,0.560,0.002,2.2
05-Mar-96,4.91,7.9,23.1,,,
12-Mar-96,3.12,7.4,21.9,0.130,0.009,2.2
19-Mar-96,3.15,10.5,22.5,,,
26-Mar-96,4.93,8.2,22.4,0.015,0.005,2.2
01-Apr-96,5.32,7.4,22.0,,,
09-Apr-96,3.40,7.4,21.6,0.115,0.008,1.5
16-Apr-96,4.54,8.3,19.3,,,
23-Apr-96,4.09,8.8,18.3,0.300,0.006,2.3
30-Apr-96,3.20,8.9,18.8,,,
07-May-96,3.84,8.5,18.6,0.060,0.002,1.9
14-May-96,3.32,8.4,18.7,,,
21-May-96,3.63,11.2,17.3,0.520,0.026,1.6
28-May-96,2.44,9.4,15.7,,,
04-Jun-96,2.11,9.5,15.9,0.070,0.002,1.1
11-Jun-96,2.72,9.8,14.7,,,
18-Jun-96,2.58,9.9,14.6,0.030,0.002,1.2
25-Jun-96,1.71,9.9,14.1,,,
02-Jul-96,2.22,10.6,12.7,0.015,0.002,1.4
09-Jul-96,2.07,10.1,12.2,,,
16-Jul-96,1.63,10.8,11.2,0.015,0.002,1.4
23-Jul-96,0.85,10.4,10.8,,,
30-Jul-96,0.43,10.2,12.0,0.100,0.002,1.4
06-Aug-96,1.84,9.9,12.2,,,
13-Aug-96,1.82,10.4,12.1,0.095,0.002,1.2
20-Aug-96,1.59,10.7,12.3,,,
27-Aug-96,0.98,10.5,12.8,0.225,0.002,1.1
03-Sep-96,1.35,10.2,13.4,,,
10-Sep-96,0.66,9.6,14.4,0.085,0.002,0.9
17-Sep-96,1.47,9.4,14.6,,,
24-Sep-96,1.39,9.3,15.8,0.015,0.002,1.0
01-Oct-96,0.01,9.4,16.3,,,
08-Oct-96,1.68,8.8,17.6,0.045,0.002,1.0
15-Oct-96,1.44,8.1,20.1,,,
22-Oct-96,6.27,9.5,19.5,0.120,0.005,5.0
29-Oct-96,1.97,10.5,20.7,,,
05-Nov-96,0.23,10.0,20.7,0.105,0.002,1.1
12-Nov-96,0.88,10.7,19.8,,,
19-Nov-96,1.79,7.2,21.1,0.135,0.002,1.0
26-Nov-96,1.43,8.7,21.0,,,
03-Dec-96,2.44,7.8,22.0,0.135,0.002,1.0
10-Dec-96,2.27,7.6,23.7,,,
17-Dec-96,2.09,8.0,24.4,0.075,0.002,1.4
23-Dec-96,2.88,8.2,24.1,,,
02-Jan-97,4.70,7.7,22.7,0.180,0.002,1.5
07-Jan-97,2.56,7.5,24.8,,,
14-Jan-97,3.67,7.6,22.0,0.035,0.002,2.2
21-Jan-97,4.54,6.2,23.0,,,
28-Jan-97,4.69,8.2,24.1,0.245,0.002,2.6
05-Feb-97,5.90,7.5,23.3,,,
11-Feb-97,4.21,7.1,25.2,0.165,0.002,2.4
18-Feb-97,7.21,7.1,25.1,,,
25-Feb-97,4.82,6.8,27.0,0.135,0.005,2.6
04-Mar-97,7.94,8.1,25.9,,,
11-Mar-97,7.21,7.1,23.8,0.175,0.002,2.3
18-Mar-97,9.09,6.8,24.0,,,
25-Mar-97,4.46,7.2,23.5,0.025,0.002,2.4
01-Apr-97,15.25,7.4,22.9,,,
08-Apr-97,9.61,8.1,20.0,0.095,0.002,2.3
15-Apr-97,6.49,8.1,20.0,,,
22-Apr-97,5.57,8.3,20.6,0.165,0.002,2.1
29-Apr-97,7.93,7.9,20.7,,,
05-May-97,12.17,8.3,21.1,0.115,0.002,2.1
13-May-97,8.89,8.4,16.6,,,
20-May-97,6.66,8.3,16.7,0.100,0.002,2.1
27-May-97,7.37,8.4,16.3,,,
03-Jun-97,5.77,8.7,15.0,0.115,0.002,2.4
11-Jun-97,7.69,9.3,14.3,,,
17-Jun-97,6.73,9.0,13.4,0.190,0.002,2.4
24-Jun-97,3.65,9.2,13.0,,,
01-Jul-97,6.06,9.0,12.5,0.120,0.002,2.9
08-Jul-97,2.27,9.2,12.1,,,
15-Jul-97,3.44,9.8,11.8,0.040,0.002,4.2
22-Jul-97,3.56,9.1,11.4,,,
29-Jul-97,4.33,9.2,11.6,0.110,0.002,3.3
05-Aug-97,3.95,8.9,12.2,,,
12-Aug-97,4.51,9.8,12.5,0.095,0.002,4.1
19-Aug-97,5.52,9.0,13.0,,,
26-Aug-97,3.67,9.8,12.7,0.055,0.002,3.8
02-Sep-97,3.40,9.3,14.3,,,
09-Sep-97,3.95,9.1,14.6,0.110,0.002,3.8
16-Sep-97,2.38,8.9,16.0,,,
23-Sep-97,3.90,10.2,15.9,0.045,0.002,3.5
30-Sep-97,3.33,8.7,16.4,,,
08-Oct-97,2.08,8.2,17.2,0.140,0.002,2.7
14-Oct-97,0.85,8.3,18.3,,,
21-Oct-97,2.92,7.5,18.5,0.075,0.002,2.4
28-Oct-97,,8.6,22.1,,,
04-Nov-97,2.19,7.3,21.6,0.015,0.002,1.2
11-Nov-97,2.93,7.7,22.4,,,
18-Nov-97,2.56,6.7,23.0,0.045,0.002,1.6
25-Nov-97,2.58,6.9,24.0,,,
02-Dec-97,2.29,6.9,25.1,0.025,0.002,1.8
09-Dec-97,3.12,7.3,24.9,,,
16-Dec-97,1.46,6.5,25.2,0.015,0.002,1.9
22-Dec-97,2.63,7.8,26.7,,,
29-Dec-97,4.58,7.3,25.6,0.055,0.002,1.8
06-Jan-98,2.82,6.7,25.7,,,
13-Jan-98,2.95,6.9,25.1,0.025,0.002,2.0
20-Jan-98,3.63,6.6,25.9,,,
27-Jan-98,4.70,6.6,25.9,0.105,0.002,1.5
03-Feb-98,3.68,6.9,27.1,,,
10-Feb-98,4.23,6.0,26.2,0.015,0.002,2.6
17-Feb-98,4.46,6.5,26.7,,,
24-Feb-98,5.81,5.2,25.5,0.060,0.002,2.5
03-Mar-98,5.17,6.5,25.4,,,
10-Mar-98,5.90,7.1,23.2,0.070,0.002,2.5
17-Mar-98,7.09,6.6,24.1,,,
24-Mar-98,2.52,7.3,26.4,0.090,0.002,1.9
31-Mar-98,5.29,7.2,23.6,0.030,0.002,2.2
07-Apr-98,9.13,7.9,23.1,,,
14-Apr-98,2.82,7.3,21.7,,,
21-Apr-98,6.28,7.7,20.9,0.030,0.002,2.6
28-Apr-98,5.00,8.5,18.6,,,
05-May-98,8.98,8.7,18.5,0.050,0.002,2.7
12-May-98,8.08,8.9,16.3,,,
19-May-98,5.13,7.2,17.1,0.040,0.002,5.0
26-May-98,6.80,8.3,14.9,,,
02-Jun-98,5.57,8.0,14.6,0.085,0.002,4.4
09-Jun-98,1.94,8.3,14.7,,,
16-Jun-98,2.19,8.3,13.7,0.120,0.002,6.0
30-Jun-98,1.82,8.8,11.1,0.150,0.002,6.2
07-Jul-98,1.66,8.4,11.6,,,
14-Jul-98,2.85,6.5,11.2,0.080,0.002,6.4
21-Jul-98,0.97,8.7,11.6,,,
28-Jul-98,5.19,9.9,12.4,0.080,0.002,5.7
04-Aug-98,3.76,9.5,12.2,,,
11-Aug-98,0.25,10.4,12.0,0.140,0.005,6.5
18-Aug-98,0.97,9.3,14.4,,,
25-Aug-98,0.25,9.0,14.6,0.150,0.002,5.9
01-Sep-98,0.73,8.8,14.8,,,
08-Sep-98,1.09,8.3,16.5,0.170,0.007,4.8
15-Sep-98,0.24,8.6,17.0,,,
22-Sep-98,0.76,8.8,17.3,0.220,0.005,5.1
29-Sep-98,0.79,8.2,19.0,,,
07-Oct-98,0.23,8.1,20.4,0.180,0.002,6.0
13-Oct-98,0.99,8.2,18.3,,,
20-Oct-98,3.16,9.0,20.9,0.160,0.002,3.8
27-Oct-98,2.14,7.8,20.9,,,
03-Nov-98,1.46,8.3,18.6,0.150,0.002,3.8
10-Nov-98,3.76,4.8,19.6,,,
17-Nov-98,4.87,7.3,21.7,0.110,0.002,2.8
24-Nov-98,5.21,8.2,20.3,,,
01-Dec-98,5.21,7.8,21.0,0.060,0.002,3.0
15-Dec-98,4.62,7.6,26.4,0.060,0.002,2.8
22-Dec-98,6.09,7.7,24.6,,,
05-Jan-99,3.84,6.8,26.7,,,
12-Jan-99,3.76,7.2,27.5,0.045,0.002,1.5
19-Jan-99,2.95,7.4,26.7,,,
26-Jan-99,4.23,7.4,26.2,0.025,0.013,1.4
02-Feb-99,5.81,5.6,24.4,,,
09-Feb-99,4.28,6.7,24.3,0.035,0.002,1.8
16-Feb-99,2.26,6.1,26.6,,,
23-Feb-99,4.13,6.7,25.1,0.015,0.007,2.1
02-Mar-99,2.19,5.6,24.0,,,
09-Mar-99,3.97,6.9,24.1,0.015,0.005,2.0
16-Mar-99,3.44,7.4,25.0,,,
23-Mar-99,3.63,6.1,24.1,0.015,0.002,1.8
30-Mar-99,3.95,7.4,22.6,,,
06-Apr-99,4.06,7.2,21.3,0.035,0.002,1.9
13-Apr-99,4.27,8.0,20.4,,,
20-Apr-99,3.14,7.7,19.8,0.015,0.002,2.3
27-Apr-99,4.62,6.5,16.9,,,
04-May-99,2.85,9.0,16.1,0.015,0.010,2.3
11-May-99,3.40,9.4,17.0,,,
18-May-99,2.43,8.2,16.6,0.015,0.002,2.1
25-May-99,3.23,9.5,17.3,,,
01-Jun-99,3.63,11.1,16.9,0.015,0.002,2.3
08-Jun-99,0.68,8.9,16.1,,,
15-Jun-99,5.02,9.5,12.7,0.025,0.002,2.1
22-Jun-99,3.23,7.3,11.8,,,
29-Jun-99,3.64,12.9,12.8,0.020,0.022,2.5
06-Jul-99,2.64,8.8,12.5,0.015,0.007,3.4
13-Jul-99,1.87,7.9,13.1,,,3.1
27-Jul-99,2.11,9.4,12.8,0.020,0.010,4.0
03-Aug-99,1.21,9.3,12.7,0.020,0.005,4.2
10-Aug-99,2.05,9.3,13.3,,,3.9
17-Aug-99,2.23,9.3,12.8,0.030,0.009,4.2
24-Aug-99,2.67,8.3,14.0,,,3.4
31-Aug-99,2.64,8.8,16.0,0.040,0.011,2.8
07-Sep-99,1.78,7.9,16.5,,,3.3
14-Sep-99,2.33,9.0,15.6,0.040,0.005,2.8
21-Sep-99,3.01,9.0,16.2,,,2.9
28-Sep-99,1.34,8.6,18.5,0.085,0.007,2.1
06-Oct-99,2.16,8.1,18.8,,,2.4
12-Oct-99,3.26,8.1,20.7,0.015,0.002,2.3
19-Oct-99,2.69,7.9,21.8,,,3.0
27-Oct-99,3.12,8.6,19.7,0.025,0.002,2.4
02-Nov-99,1.81,9.2,20.4,,,1.8
09-Nov-99,2.23,8.5,20.4,0.015,0.002,5.2
16-Nov-99,2.28,7.9,21.2,,,1.9
23-Nov-99,2.98,7.4,21.1,0.035,0.002,2.0
30-Nov-99,1.25,7.6,21.5,,,2.0
07-Dec-99,1.54,7.2,23.6,0.015,0.005,1.2
14-Dec-99,2.48,7.5,23.7,,,1.7
21-Dec-99,2.40,7.1,22.9,0.015,0.002,2.0
05-Jan-00,1.01,8.0,22.8,0.015,0.002,1.5
11-Jan-00,3.26,7.6,22.5,,,1.7
18-Jan-00,2.67,7.5,23.8,0.015,0.010,1.2
25-Jan-00,1.47,7.1,24.2,,,1.4
01-Feb-00,1.99,7.9,23.3,0.025,0.011,1.2
08-Feb-00,1.00,7.2,25.0,,,2.0
15-Feb-00,2.11,7.8,23.8,0.025,0.002,1.8
22-Feb-00,0.69,5.3,25.2,,,2.4
29-Feb-00,0.76,6.3,25.2,0.035,0.005,1.8
07-Mar-00,2.82,6.0,24.6,,,2.2
14-Mar-00,0.01,7.3,23.3,0.070,0.002,1.8
21-Mar-00,3.40,7.9,23.9,,,2.0
28-Mar-00,2.54,7.6,22.6,0.015,0.010,2.2
04-Apr-00,2.82,7.1,23.7,,,2.5
11-Apr-00,4.81,7.3,21.6,0.015,0.005,2.6
18-Apr-00,3.55,5.7,21.7,,,2.0
25-Apr-00,4.67,7.8,19.6,0.015,0.013,2.2
02-May-00,2.40,7.9,20.6,,,2.0
09-May-00,3.17,6.1,19.2,0.015,0.002,1.8
16-May-00,2.56,8.0,17.7,,,2.0
23-May-00,2.40,8.5,16.1,0.015,0.012,2.4
30-May-00,3.63,9.3,13.5,,,2.4
06-Jun-00,,9.3,11.1,0.035,0.006,2.8
14-Jun-00,,10.0,11.3,,,1.8
20-Jun-00,,9.5,11.7,0.045,0.006,1.9
27-Jun-00,2.88,10.7,12.0,,,2.4
04-Jul-00,2.61,9.2,12.0,0.015,0.002,2.1
11-Jul-00,3.47,11.2,12.1,,,1.4
18-Jul-00,4.66,10.6,12.1,0.025,0.002,1.6
25-Jul-00,3.74,8.5,12.0,,,2.1
01-Aug-00,3.19,9.6,11.7,0.045,0.002,1.4
08-Aug-00,2.43,10.9,13.5,,,2.3
15-Aug-00,2.88,10.0,12.8,0.025,0.011,1.5
22-Aug-00,2.82,11.1,13.2,,,1.4
28-Aug-00,2.07,7.8,13.4,0.035,0.002,1.6
05-Sep-00,2.92,11.1,13.6,,,1.5
12-Sep-00,1.76,8.9,14.5,0.015,0.002,1.4
19-Sep-00,2.26,8.4,16.0,,,1.7
26-Sep-00,1.57,8.0,18.1,0.025,0.002,1.3
03-Oct-00,1.59,7.9,19.1,,,1.3
10-Oct-00,0.75,6.7,20.7,0.025,0.002,1.3
17-Oct-00,1.88,7.5,18.8,,,1.4
24-Oct-00,0.01,7.7,19.7,0.025,0.002,2.1
31-Oct-00,0.01,6.4,19.6,,,1.3
07-Nov-00,1.76,7.1,20.9,0.045,0.002,1.7
14-Nov-00,1.51,6.2,20.9,,,1.3
21-Nov-00,0.01,7.8,21.4,0.035,0.002,1.7
28-Nov-00,1.04,7.4,24.2,,,1.8
05-Dec-00,3.05,7.4,24.2,0.025,0.002,1.9
12-Dec-00,1.25,6.8,25.7,,,1.3
19-Dec-00,1.46,5.9,26.3,0.015,0.002,1.6
02-Jan-01,2.73,4.9,24.7,0.025,0.008,2.2
09-Jan-01,5.96,5.0,25.4,,,2.3
16-Jan-01,4.77,6.3,26.2,0.015,0.002,1.5
23-Jan-01,4.66,6.7,26.8,,,2.3
30-Jan-01,5.65,7.5,26.6,0.015,0.002,2.6
05-Feb-01,5.02,7.4,27.0,,,2.8
12-Feb-01,7.45,7.4,25.0,0.015,0.002,3.6
19-Feb-01,6.97,6.9,24.8,,,2.8
26-Feb-01,4.57,6.4,26.9,0.015,0.002,2.0
05-Mar-01,9.37,6.7,24.8,,,3.0
12-Mar-01,8.78,7.6,24.3,0.015,0.006,8.0
19-Mar-01,6.95,7.3,22.8,,,3.3
27-Mar-01,6.97,7.4,22.9,0.015,0.002,2.5
03-Apr-01,4.77,7.2,21.6,,,2.2
10-Apr-01,4.09,6.9,22.3,0.035,0.002,1.8
17-Apr-01,6.25,7.4,20.7,,,1.8
24-Apr-01,6.43,9.7,19.9,0.015,0.005,2.4
01-May-01,6.20,11.1,19.4,,,5.7
08-May-01,7.05,12.8,18.5,0.075,0.002,1.8
15-May-01,3.40,8.1,16.6,,,4.5
22-May-01,4.31,8.0,15.7,0.075,0.002,3.5
29-May-01,5.77,8.6,14.8,,,4.1
05-Jun-01,6.65,8.9,14.0,0.030,0.002,3.0
12-Jun-01,8.62,9.5,14.8,,,2.5
19-Jun-01,10.04,9.4,12.8,0.060,0.002,5.0
26-Jun-01,13.07,10.0,12.7,,,3.6
03-Jul-01,8.69,9.7,12.5,0.030,0.002,3.8
10-Jul-01,3.33,10.1,12.3,,,2.7
17-Jul-01,3.68,9.6,12.5,0.025,0.002,2.3
24-Jul-01,3.21,9.5,12.2,,,3.2
31-Jul-01,0.01,9.8,12.6,0.025,0.002,3.6
07-Aug-01,3.80,9.8,12.8,,,3.2
14-Aug-01,1.90,10.1,12.9,0.050,0.002,2.8
21-Aug-01,3.95,9.9,12.5,,,2.4
28-Aug-01,2.67,9.9,12.2,0.060,0.002,3.3
04-Sep-01,4.62,10.1,13.4,,,2.7
11-Sep-01,0.97,9.2,14.0,0.015,0.002,1.8
18-Sep-01,4.75,9.1,16.0,,,1.9
25-Sep-01,0.24,8.5,17.8,0.015,0.002,1.9
02-Oct-01,3.88,8.2,19.9,,,3.8
09-Oct-01,4.52,8.3,17.9,0.015,0.002,3.0
16-Oct-01,3.44,8.1,19.5,,,2.6
23-Oct-01,3.19,8.3,20.0,0.025,0.002,2.6
30-Oct-01,4.22,7.7,20.4,,,2.8
06-Nov-01,4.97,8.3,22.0,0.075,0.002,2.8
13-Nov-01,2.82,7.6,20.6,,,1.7
22-Nov-01,4.09,7.5,18.7,0.015,0.002,2.5
27-Nov-01,4.65,7.4,19.6,,,2.1
04-Dec-01,0.50,7.2,23.0,0.035,0.002,2.1
11-Dec-01,3.32,7.2,22.3,,,2.2
18-Dec-01,3.37,7.2,23.0,0.105,0.010,1.7
02-Jan-02,,6.8,25.0,0.015,0.002,1.2
08-Jan-02,4.36,5.8,25.1,,,2.1
15-Jan-02,3.16,6.1,24.4,0.025,0.002,1.8
22-Jan-02,2.01,6.2,25.9,,,0.9
29-Jan-02,3.36,5.9,25.8,0.015,0.002,3.1
12-Feb-02,3.80,6.1,23.2,0.015,0.002,2.4
19-Feb-02,5.05,5.9,23.7,,,2.5
05-Mar-02,2.54,5.6,25.0,,,1.6
12-Mar-02,4.52,6.1,23.5,0.025,0.002,1.6
19-Mar-02,3.72,6.3,24.5,,,1.5
26-Mar-02,2.07,6.3,24.0,0.015,0.002,2.4
02-Apr-02,6.11,6.4,22.6,,,1.6
09-Apr-02,4.13,6.5,21.8,0.015,0.010,2.3
16-Apr-02,4.26,6.0,22.0,,,1.9
23-Apr-02,5.16,6.5,21.2,0.035,0.002,2.4
30-Apr-02,5.52,7.4,20.0,,,2.5
07-May-02,5.83,7.6,19.6,0.015,0.002,2.7
14-May-02,2.38,8.1,19.0,,,2.4
21-May-02,7.88,8.3,16.9,0.055,0.002,2.4
28-May-02,7.69,9.7,14.6,,,2.4
04-Jun-02,6.59,9.1,14.1,0.015,0.002,2.4
11-Jun-02,5.68,9.2,13.6,,,2.4
18-Jun-02,5.40,9.2,13.3,0.050,0.010,2.5
25-Jun-02,4.23,9.8,12.3,,,3.5
02-Jul-02,3.48,9.8,11.1,0.050,0.010,2.2
09-Jul-02,4.46,10.5,10.7,,,1.8
16-Jul-02,2.73,10.0,10.5,0.060,0.020,2.1
23-Jul-02,0.61,9.9,10.9,,,1.7
30-Jul-02,2.76,9.6,11.4,0.050,0.002,2.0
05-Aug-02,2.67,8.6,11.6,,,2.4
13-Aug-02,2.64,10.5,12.5,0.060,0.002,1.9
20-Aug-02,4.02,9.2,12.9,,,2.1
27-Aug-02,4.28,9.7,13.2,0.035,0.002,2.0
03-Sep-02,3.33,9.1,15.5,,,1.7
09-Sep-02,4.70,9.9,16.1,0.070,0.002,1.4
17-Sep-02,2.94,9.2,18.3,,,1.6
25-Sep-02,2.02,8.1,18.6,0.050,0.002,1.4
01-Oct-02,3.02,8.4,17.5,,,1.8
08-Oct-02,2.33,8.7,20.7,0.040,0.010,1.0
15-Oct-02,3.84,8.2,19.5,,,1.0
22-Oct-02,2.43,8.2,21.1,0.020,0.002,1.4
29-Oct-02,2.67,8.0,19.6,,,1.3
05-Nov-02,4.09,7.6,21.0,0.070,0.002,1.9
12-Nov-02,4.62,7.6,22.1,,,1.3
19-Nov-02,,7.2,22.7,0.014,0.002,1.8
26-Nov-02,,6.5,25.2,,,1.6
03-Dec-02,,6.6,24.1,0.019,0.002,1.6
10-Dec-02,,7.5,23.1,,,1.8
17-Dec-02,,8.1,23.1,0.015,0.002,1.3
23-Dec-02,,6.0,24.4,,,1.3
31-Dec-02,,6.7,24.2,0.034,0.001,2.0
07-Jan-03,,6.2,24.8,,,1.8
14-Jan-03,,6.2,23.7,0.017,0.001,1.5
21-Jan-03,,5.9,25.0,,,1.6
28-Jan-03,,5.8,25.6,0.021,0.001,2.5
04-Feb-03,,6.4,24.6,,,2.1
11-Feb-03,,6.3,25.3,0.012,0.001,2.2
18-Feb-03,,5.9,25.8,,,2.0
25-Feb-03,,6.4,24.1,0.011,0.002,2.1
04-Mar-03,,7.4,23.9,,,2.0
11-Mar-03,,6.8,23.7,0.015,0.002,2.1
18-Mar-03,,7.3,23.7,,,4.4
25-Mar-03,,7.1,22.6,0.014,0.003,1.9
01-Apr-03,4.67,7.5,22.4,,,2.9
08-Apr-03,0.01,8.1,20.5,0.015,0.004,3.3
15-Apr-03,4.30,8.2,20.5,,,1.8
23-Apr-03,0.22,7.9,18.8,0.012,0.001,1.8
29-Apr-03,2.21,8.3,19.3,,,3.5
06-May-03,2.46,7.2,17.9,0.015,0.003,1.8
13-May-03,3.70,8.8,17.8,,,2.8
20-May-03,3.50,9.4,17.4,0.015,0.003,2.5
27-May-03,2.60,8.8,15.5,,,4.3
03-Jun-03,2.79,7.5,15.7,0.010,0.002,1.8
11-Jun-03,4.77,8.8,14.0,,,3.1
17-Jun-03,4.54,9.5,13.1,0.014,0.002,3.0
24-Jun-03,4.00,9.3,12.8,,,2.4
01-Jul-03,,9.2,14.4,0.017,0.016,2.3
08-Jul-03,0.96,9.1,12.4,,,2.3
15-Jul-03,1.57,8.6,12.5,0.027,0.002,2.6
22-Jul-03,1.88,7.9,13.7,,,2.4
29-Jul-03,1.64,9.8,11.9,0.079,0.001,2.5
05-Aug-03,1.38,10.0,11.7,,,3.6
12-Aug-03,0.53,8.9,11.8,0.073,0.002,1.9
19-Aug-03,1.54,8.6,13.0,,,2.2
26-Aug-03,2.56,8.9,13.5,0.072,0.002,1.5
02-Sep-03,1.68,8.1,13.6,,,1.8
09-Sep-03,1.95,8.6,14.1,0.072,0.001,2.5
16-Sep-03,1.76,9.0,14.7,,,1.8
23-Sep-03,2.40,8.6,16.6,0.043,0.002,1.5
30-Sep-03,2.01,8.1,16.3,,,1.5
07-Oct-03,1.03,7.9,16.6,0.014,0.003,2.5
14-Oct-03,0.87,8.1,16.6,,,2.2
21-Oct-03,1.73,8.1,18.8,0.026,0.001,1.5
28-Oct-03,0.38,7.6,20.5,,,1.6
04-Nov-03,0.25,7.6,18.4,0.020,0.001,2.4
11-Nov-03,0.81,7.8,21.5,,,1.5
18-Nov-03,1.53,7.3,21.0,0.010,0.001,2.4
25-Nov-03,1.51,7.2,21.1,,,2.2
02-Dec-03,0.26,8.6,22.6,0.017,0.001,1.4
09-Dec-03,2.84,7.2,20.6,,,1.8
16-Dec-03,2.41,8.1,22.8,0.013,0.001,1.8
23-Dec-03,1.44,7.2,22.5,,,1.6
30-Dec-03,0.51,7.1,24.5,0.032,0.001,2.2
06-Jan-04,0.77,6.5,26.7,,,1.9
13-Jan-04,1.60,7.2,26.5,0.013,0.001,1.7
20-Jan-04,2.95,8.0,24.4,,,1.5
27-Jan-04,0.43,7.4,25.1,0.016,0.002,4.8
03-Feb-04,2.57,7.4,25.4,,,2.9
10-Feb-04,2.26,7.4,26.3,0.015,0.001,1.6
17-Feb-04,3.04,6.9,27.0,,,2.1
24-Feb-04,1.28,6.4,25.9,0.018,0.002,1.5
02-Mar-04,3.46,8.1,23.5,,,2.5
09-Mar-04,3.74,7.9,25.0,0.032,0.002,1.5
16-Mar-04,6.01,8.2,23.8,,,1.9
23-Mar-04,6.87,7.4,22.6,0.015,0.001,3.0
30-Mar-04,6.25,7.7,22.8,,,3.3
06-Apr-04,5.93,7.0,22.6,0.015,0.001,3.0
13-Apr-04,8.46,7.3,21.0,,,2.2
20-Apr-04,7.17,7.6,21.6,0.015,0.002,1.8
27-Apr-04,6.02,7.5,19.8,,,2.1
04-May-04,5.77,8.6,17.3,0.015,0.002,2.0
11-May-04,1.46,8.2,16.7,,,2.3
18-May-04,4.32,8.4,15.0,0.015,0.002,2.2
25-May-04,1.91,8.6,16.1,,,2.6
01-Jun-04,3.36,10.0,13.7,0.014,0.001,2.0
08-Jun-04,2.54,10.0,13.5,,,1.8
15-Jun-04,3.33,9.8,13.8,0.015,0.002,1.2
22-Jun-04,4.81,10.6,11.6,,,1.6
29-Jun-04,2.24,8.8,11.1,0.015,0.002,2.6
06-Jul-04,2.24,7.80,11.5,,,1.6
13-Jul-04,3.36,9.10,11.5,0.008,0.002,2.2
20-Jul-04,3.04,9.10,10.7,,,1.6
27-Jul-04,0.63,7.80,11.6,0.005,0.002,3.5
03-Aug-04,0.80,10.90,12.0,,,2.5
10-Aug-04,0.48,10.80,12.0,0.008,0.001,2.8
17-Aug-04,1.41,10.60,11.3,,,2.0
24-Aug-04,0.50,10.10,12.8,0.013,0.001,1.4
31-Aug-04,2.11,10.10,15.1,,,1.8
07-Sep-04,1.34,8.80,15.5,0.005,0.002,1.5
14-Sep-04,1.90,10.10,14.9,,,2.0
21-Sep-04,1.04,7.20,16.1,0.014,0.001,3.8
28-Sep-04,1.79,8.50,18.4,,,2.7
05-Oct-04,1.27,8.70,18.1,0.008,0.002,2.8
12-Oct-04,0.95,8.50,20.4,,,1.9
19-Oct-04,1.10,,,0.082,0.001,2.0
26-Oct-04,0.01,8.40,20.5,,,6.6
02-Nov-04,2.91,8.00,21.2,0.005,0.002,2.5
09-Nov-04,1.27,7.30,21.3,,,3.0
16-Nov-04,1.81,7.70,21.3,0.029,0.001,2.8
23-Nov-04,2.40,7.80,21.8,,,4.0
30-Nov-04,3.29,8.10,23.5,0.014,0.002,3.5
07-Dec-04,6.21,7.60,23.9,,,3.5
14-Dec-04,6.76,7.70,25.3,0.005,0.003,3.4
21-Dec-04,5.69,6.30,24.4,,,2.3
29-Dec-04,5.98,6.50,23.5,0.005,0.001,2.6
04-Jan-05,6.27,6.70,24.1,,,3.0
11-Jan-05,6.34,6.80,23.8,0.010,0.003,12.0
18-Jan-05,2.85,6.30,24.8,,,2.6
25-Jan-05,5.17,6.10,25.9,0.008,0.001,3.6
01-Feb-05,3.07,6.80,26.1,,,4.6
08-Feb-05,1.47,7.30,25.2,0.005,0.001,9.4
15-Feb-05,6.87,7.00,24.4,,,4.4
22-Feb-05,8.63,7.20,25.6,0.006,0.002,2.2
01-Mar-05,8.35,7.60,24.9,,,2.3
08-Mar-05,5.61,7.60,24.5,0.046,0.002,4.3
15-Mar-05,6.59,8.00,24.7,,,3.7
22-Mar-05,7.53,8.20,21.9,0.005,0.003,5.0
29-Mar-05,9.42,8.40,19.9,,,3.8
05-Apr-05,5.58,7.10,20.4,0.005,0.004,3.4
12-Apr-05,2.01,7.70,21.7,,,3.4
19-Apr-05,3.55,7.60,22.5,0.024,0.002,3.1
26-Apr-05,6.73,7.60,21.2,,,3.1
03-May-05,3.24,7.10,20.6,0.027,0.003,2.9
10-May-05,2.35,7.50,19.5,,,3.0
24-May-05,4.86,6.40,16.2,,,3.1
31-May-05,3.74,8.00,14.5,0.042,0.026,3.4
07-Jun-05,1.86,8.60,14.7,,,2.6
14-Jun-05,2.76,8.00,15.0,0.033,0.003,3.5
21-Jun-05,3.48,6.80,14.2,,,3.8
28-Jun-05,2.39,9.00,13.5,0.047,0.012,3.8
05-Jul-05,3.29,9.60,13.4,,,5.3
12-Jul-05,4.59,9.30,13.0,0.045,0.002,2.9
19-Jul-05,7.08,9.70,11.7,,,3.0
26-Jul-05,10.15,9.80,12.2,0.026,0.001,3.3
02-Aug-05,10.31,5.40,13.0,,,2.8
09-Aug-05,17.79,10.50,12.4,0.011,0.002,4.3
16-Aug-05,9.74,9.50,11.9,,,4.3
25-Aug-05,5.77,9.00,12.7,0.020,0.003,8.1
30-Aug-05,4.81,9.10,15.2,,,2.6
06-Sep-05,6.32,11.40,14.6,0.012,0.004,2.5
13-Sep-05,5.41,8.40,14.9,,,2.7
20-Sep-05,1.04,6.90,15.0,0.020,0.002,3.7
26-Sep-05,3.26,9.90,18.2,,,2.7
04-Oct-05,3.33,8.30,17.5,0.012,0.002,3.9
11-Oct-05,3.33,9.50,18.0,,,2.6
18-Oct-05,6.73,12.10,18.3,0.013,0.001,2.7
25-Oct-05,3.36,8.40,20.5,,,2.9
01-Nov-05,5.87,10.10,22.5,0.055,0.006,2.2
08-Nov-05,4.27,7.40,22.5,,,4.6
15-Nov-05,2.70,8.50,24.1,0.032,0.003,2.1
22-Nov-05,7.77,9.10,23.0,,,4.3
29-Nov-05,5.64,9.30,20.7,0.032,0.001,3.4
06-Dec-05,3.66,7.80,22.7,,,3.2
13-Dec-05,7.17,8.60,24.1,0.278,0.003,4.5
20-Dec-05,2.64,7.30,24.2,,,2.2
03-Jan-06,2.67,7.00,27.0,,,1.6
10-Jan-06,2.62,6.40,25.7,0.052,0.002,2.5
17-Jan-06,5.64,6.70,26.6,,,1.8
24-Jan-06,2.95,7.20,27.8,0.028,0.002,2.5
31-Jan-06,4.14,7.30,27.0,,,1.2
14-Feb-06,6.46,7.40,26.0,,,2.3
21-Feb-06,2.43,7.20,26.4,0.008,0.003,2.6
28-Feb-06,3.76,7.10,24.9,,,7.4
07-Mar-06,6.41,7.40,24.4,0.008,0.003,6.1
14-Mar-06,4.57,7.60,26.6,,,5.6
21-Mar-06,3.52,7.00,24.7,0.005,0.004,2.9
28-Mar-06,2.16,7.31,22.6,,,2.9
04-Apr-06,3.31,7.20,21.2,0.005,0.004,8.8
11-Apr-06,3.67,7.94,19.8,,,2.6
18-Apr-06,3.24,7.60,21.1,0.016,0.004,6.9
24-Apr-06,8.71,8.10,19.2,,,2.6
02-May-06,1.58,7.99,17.8,0.005,0.003,5.2
09-May-06,,7.56,14.7,,,5.2
16-May-06,3.64,7.63,16.3,0.014,0.005,4.0
23-May-06,4.27,7.85,15.9,,,4.1
16-May-06,3.64,7.63,16.3,0.014,0.005,4.0
23-May-06,4.27,7.85,15.9,,,4.1
30-May-06,,7.90,14.4,,,4.5
06-Jun-06,0.54,8.33,13.2,,,2.4
13-Jun-06,5.29,8.25,12.4,0.005,0.003,3.6
20-Jun-06,1.51,8.39,12.3,,,1.9
27-Jun-06,1.52,9.97,12.2,0.005,0.022,2.3
04-Jul-06,1.97,9.32,12.4,,,1.8
11-Jul-06,0.52,9.64,11.3,0.019,0.002,2.3
18-Jul-06,1.92,9.31,12.5,,,1.7
25-Jul-06,1.60,9.64,12.8,0.020,0.002,1.6
01-Aug-06,1.35,9.17,12.8,,,1.3
08-Aug-06,0.00,9.41,12.3,0.015,0.001,2.3
15-Aug-06,1.37,9.32,12.7,,,1.6
22-Aug-06,1.01,9.17,13.8,0.009,0.004,1.3
29-Aug-06,2.23,9.27,15.4,,,1.1
05-Sep-06,2.56,7.84,16.5,0.005,0.001,1.4
12-Sep-06,4.10,7.99,15.1,,,3.1
19-Sep-06,1.57,8.30,17.6,0.015,0.012,1.4
26-Sep-06,2.34,7.81,18.6,,,1.8
03-Oct-06,4.01,7.40,18.8,0.087,0.008,1.4
10-Oct-06,4.90,7.08,19.0,,,2.4
24-Oct-06,4.23,7.09,20.2,,,1.8
31-Oct-06,5.34,7.91,20.4,0.012,0.005,2.3
07-Nov-06,8.09,7.25,19.8,,,3.7
14-Nov-06,5.02,7.17,21.6,0.011,0.016,2.6
21-Nov-06,5.18,7.01,24.4,,,2.0
28-Nov-06,6.80,6.82,22.4,0.017,0.006,2.4
05-Dec-06,6.20,6.18,22.2,,,2.4
12-Dec-06,6.14,6.57,24.6,0.010,0.006,3.0
19-Dec-06,7.85,5.18,23.9,,,2.4
26-Dec-06,7.96,4.77,23.2,0.056,0.004,2.9
02-Jan-07,8.17,7.23,24.0,,,2.1
09-Jan-07,5.06,2.61,24.5,0.064,0.006,2.2
16-Jan-07,6.87,7.41,24.6,,,2.4
23-Jan-07,5.23,7.14,26.3,0.009,0.003,1.5
30-Jan-07,7.58,7.15,25.5,,,2.0
06-Feb-07,4.02,7.17,26.3,0.303,0.006,2.9
13-Feb-07,6.40,6.86,25.9,,,3.6
20-Feb-07,3.74,7.08,26.4,0.062,0.002,1.8
27-Feb-07,5.50,6.67,26.0,,,2.9
06-Mar-07,5.85,6.57,25.8,0.024,0.003,3.2
13-Mar-07,7.75,7.23,24.0,,,1.8
20-Mar-07,7.10,7.25,25.5,0.008,0.037,1.6
27-Mar-07,8.90,7.11,23.8,,,2.5
03-Apr-07,8.88,7.60,22.9,0.010,0.002,2.0
10-Apr-07,6.94,7.63,21.1,,,2.7
17-Apr-07,5.61,8.07,22.2,0.008,0.004,2.3
24-Apr-07,5.84,7.48,21.2,,,3.5
01-May-07,6.43,8.24,20.0,0.013,0.004,2.0
08-May-07,5.77,7.91,19.3,,,1.3
15-May-07,4.87,7.40,19.2,0.020,0.009,1.8
29-May-07,3.64,8.18,16.9,0.066,0.003,3.5
05-Jun-07,3.00,8.39,15.3,,,1.6
12-Jun-07,2.67,8.56,14.5,0.047,0.010,1.5
26-Jun-07,3.90,9.48,12.9,0.059,0.005,3.3
03-Jul-07,2.40,9.83,11.9,,,3.2
11-Jul-07,2.88,9.60,11.6,0.049,0.001,3.7
17-Jul-07,6.63,9.58,10.9,,,3.9
24-Jul-07,6.53,10.29,10.5,0.033,0.003,2.8
31-Jul-07,4.39,9.40,11.0,,,2.6
07-Aug-07,2.56,9.32,11.3,0.061,0.007,2.3
14-Aug-07,3.56,9.11,12.2,,,2.6
21-Aug-07,4.06,9.32,12.8,0.056,0.001,2.7
28-Aug-07,4.14,8.47,13.7,,,2.7
04-Sep-07,2.64,8.17,15.8,0.041,0.008,1.9
11-Sep-07,3.72,8.19,16.4,,,1.6
18-Sep-07,11.04,7.57,16.2,0.022,0.003,2.0
25-Sep-07,4.19,7.57,16.4,,,2.0
02-Oct-07,6.16,7.34,17.8,0.023,0.004,2.8
09-Oct-07,6.11,7.25,19.5,,,1.9
16-Oct-07,4.58,6.72,19.7,0.005,0.008,2.2
23-Oct-07,3.55,6.31,21.2,,,1.8
30-Oct-07,3.96,5.01,21.6,0.008,0.001,1.6
06-Nov-07,4.61,5.34,21.5,,,2.7
13-Nov-07,3.48,5.72,21.9,0.005,0.004,2.7
20-Nov-07,2.01,4.51,24.8,,,1.9
27-Nov-07,2.88,,,0.005,0.006,
04-Dec-07,2.97,3.54,24.7,,,1.7
11-Dec-07,5.61,3.47,25.0,0.005,0.005,2.6
18-Dec-07,4.54,2.60,23.5,,,2.9
08-Jan-08,5.05,1.97,25.2,0.005,0.006,1.5
15-Jan-08,2.62,6.27,25.9,,,2.0
22-Jan-08,7.55,6.25,24.5,0.019,0.004,1.2
29-Jan-08,4.91,6.72,25.0,,,1.6
05-Feb-08,5.40,6.54,25.1,0.014,0.004,2.1
12-Feb-08,6.14,6.88,24.1,,,1.6
19-Feb-08,5.23,7.43,23.7,0.005,0.003,1.8
26-Feb-08,6.41,7.17,24.2,,,1.7
04-Mar-08,6.32,7.36,22.6,0.005,0.010,2.0
11-Mar-08,4.90,7.56,24.3,,,1.6
18-Mar-08,6.94,7.67,24.6,0.011,0.001,2.0
25-Mar-08,7.48,,,,,
01-Apr-08,6.45,6.92,22.3,0.005,0.004,1.9
08-Apr-08,5.72,7.05,21.4,,,1.8
15-Apr-08,6.41,7.05,20.7,0.010,0.005,1.8
22-Apr-08,6.02,7.57,19.4,,,1.3
29-Apr-08,4.19,8.41,17.9,0.009,0.001,2.3
06-May-08,5.34,8.35,16.8,,,2.5
13-May-08,4.81,8.05,16.9,0.005,0.003,2.6
20-May-08,6.20,8.44,15.9,,,2.3
27-May-08,4.63,8.35,15.3,0.012,0.003,2.4
03-Jun-08,7.63,8.59,15.9,,,2.2
10-Jun-08,3.89,8.70,15.9,0.005,0.004,2.0
17-Jun-08,5.33,8.63,15.0,,,3.8
24-Jun-08,6.59,8.96,14.2,0.012,0.004,2.4
01-Jul-08,6.14,9.66,13.4,,,2.8
08-Jul-08,8.01,9.69,13.7,0.005,0.001,1.6
15-Jul-08,6.54,9.90,12.3,,,1.6
22-Jul-08,8.01,9.98,12.0,0.005,0.001,2.0
29-Jul-08,9.68,9.95,11.7,,,2.0
05-Aug-08,7.14,10.15,11.2,0.005,0.003,2.3
12-Aug-08,6.23,10.24,10.7,,,6.8
19-Aug-08,5.86,10.26,10.8,0.005,0.007,1.9
26-Aug-08,4.96,10.15,12.1,,,1.8
02-Sep-08,4.01,9.80,13.7,0.005,0.008,1.9
09-Sep-08,5.90,9.67,13.6,,,2.0
16-Sep-08,3.67,9.57,15.2,0.012,0.011,2.4
23-Sep-08,4.02,8.91,17.5,,,2.2
30-Sep-08,5.07,8.38,17.4,0.005,0.003,2.1
07-Oct-08,7.15,7.98,18.9,,,3.0
14-Oct-08,3.63,8.15,20.8,0.010,0.002,1.7
21-Oct-08,5.82,7.57,20.3,,,2.9
28-Oct-08,3.88,8.42,20.8,0.005,0.002,2.2
04-Nov-08,5.05,7.68,21.3,,,2.3
11-Nov-08,4.81,7.38,21.2,0.029,0.002,2.1
18-Nov-08,6.09,7.44,22.0,,,2.1
25-Nov-08,6.28,7.45,20.8,0.012,0.004,1.6
02-Dec-08,4.87,7.11,21.3,,,1.3
09-Dec-08,3.08,,23.4,0.019,0.004,2.3
16-Dec-08,7.12,7.30,22.8,,,2.2
23-Dec-08,4.58,7.16,23.6,0.013,0.005,2.4
30-Dec-08,5.40,7.17,25.0,,,1.4
06-Jan-09,3.52,7.48,25.7,0.021,0.004,2.1
13-Jan-09,7.85,8.40,25.2,,,2.5
20-Jan-09,6.69,8.61,25.3,0.008,0.004,2.0
27-Jan-09,6.87,10.42,25.5,,,1.5
03-Feb-09,4.40,8.77,27.5,0.008,0.004,2.1
10-Feb-09,8.53,7.99,26.6,,,3.3
17-Feb-09,8.88,9.79,23.2,0.011,0.005,1.9
24-Feb-09,4.19,9.96,25.0,,,1.8
03-Mar-09,4.82,8.66,24.9,0.012,0.003,2.4
10-Mar-09,3.99,8.67,24.3,,,2.9
17-Mar-09,7.21,8.30,24.3,0.025,0.003,2.2
24-Mar-09,4.18,7.62,25.4,,,1.7
31-Mar-09,6.99,7.14,24.1,0.005,0.003,2.3
07-Apr-09,7.61,6.59,23.2,,,2.2
14-Apr-09,7.63,6.59,22.2,0.014,0.004,2.3
21-Apr-09,7.53,7.25,20.9,,,2.0
28-Apr-09,8.24,7.86,19.1,0.005,0.002,2.4
05-May-09,7.26,7.99,18.3,,,2.0
12-May-09,9.47,7.90,17.1,0.009,0.001,2.3
19-May-09,8.69,8.20,16.4,,,1.9
26-May-09,8.99,8.20,16.5,0.005,0.002,1.6
02-Jun-09,8.44,8.10,16.2,,,1.8
09-Jun-09,9.94,8.20,15.4,0.005,0.017,2.4
16-Jun-09,7.53,8.70,13.0,,,1.6
23-Jun-09,6.94,10.20,13.5,0.011,0.003,2.3
30-Jun-09,8.99,10.00,13.4,,,2.0
07-Jul-09,9.13,10.40,12.2,0.010,0.003,2.4
14-Jul-09,7.22,10.40,12.3,,,1.5
21-Jul-09,4.54,10.50,11.8,0.012,0.006,1.5
28-Jul-09,5.90,10.50,12.4,,,2.0
04-Aug-09,7.14,10.70,12.4,0.008,0.006,1.9
11-Aug-09,7.21,10.70,13.2,,,1.0
18-Aug-09,6.54,10.50,13.7,0.013,0.007,1.5
25-Aug-09,6.22,10.10,14.9,,,1.6
01-Sep-09,7.48,10.10,14.5,0.005,0.005,1.8
08-Sep-09,6.28,10.00,15.2,,,1.4
15-Sep-09,5.87,9.90,16.6,0.005,0.006,1.2
22-Sep-09,2.91,9.60,18.6,,,1.4
29-Sep-09,4.81,9.70,15.9,0.005,0.003,1.9
06-Oct-09,4.81,9.70,16.8,,,2.0
13-Oct-09,4.06,9.70,17.3,0.005,0.003,2.4
20-Oct-09,4.21,9.50,18.1,,,2.3
27-Oct-09,4.90,8.90,18.9,0.008,0.002,2.2
03-Nov-09,4.31,8.90,22.0,,,1.7
10-Nov-09,3.20,8.90,21.7,0.021,0.001,2.6
17-Nov-09,5.33,8.50,24.2,,,2.3
24-Nov-09,4.70,7.70,23.6,0.025,0.013,2.9
01-Dec-09,5.87,7.70,23.9,,,2.0
08-Dec-09,3.36,8.10,24.8,0.010,0.003,2.9
15-Dec-09,4.71,7.80,24.4,,,2.2
22-Dec-09,6.15,8.00,25.1,0.018,0.007,3.2
29-Dec-09,8.11,7.50,24.5,,,1.8
05-Jan-10,6.94,8.40,23.7,0.008,0.007,1.5
12-Jan-10,4.22,8.10,26.4,,,1.6
19-Jan-10,7.14,7.60,25.2,0.064,0.01,1.2
28-Jan-10,6.22,7.60,26.5,,,2.5
02-Feb-10,8.29,7.90,26.3,0.077,0.009,4.1
09-Feb-10,5.02,8.20,26.5,,,2.7
16-Feb-10,8.17,7.70,27.1,0.005,0.015,4.5
23-Feb-10,5.61,8.30,26.5,,,2.8
02-Mar-10,11.04,8.00,24.3,0.090,0.005,4.1
09-Mar-10,5.90,8.40,24.6,,,2.6
16-Mar-10,9.84,8.80,23.1,0.005,0.014,2.7
23-Mar-10,4.27,8.70,24.1,,,3.2
30-Mar-10,6.41,8.40,25.1,0.0205,0.011,3.4
06-Apr-10,11.87,8.10,22.3,,,3.2
13-Apr-10,10.15,8.40,21.4,0.0085,0.004,2.8
20-Apr-10,7.53,7.61,22.1,,,3.0
04-May-10,6.88,8.50,19.8,,,3.4
12-May-10,10.32,8.80,17.8,0.115,0.013,4.7
18-May-10,11.21,9.10,16.3,,,3.7
25-May-10,5.93,9.70,16.3,0.0085,0.005,3.9
01-Jun-10,8.01,9.60,15.4,,,5.2
08-Jun-10,8.54,9.80,14.9,0.125,0.004,3.8
15-Jun-10,9.61,10.30,13.0,,,3.1
22-Jun-10,9.08,10.20,13.3,0.026,0.006,3.4
29-Jun-10,7.59,10.02,12.6,,,3.7
06-Jul-10,6.81,10.70,12.3,0.024,0.005,2.7
13-Jul-10,6.60,11.00,13.2,,,1.8
20-Jul-10,6.59,10.80,12.2,0.055,0.014,2.9
27-Jul-10,6.27,10.90,12.6,,,2.7
03-Aug-10,8.35,10.80,12.6,0.023,0.009,3.9
10-Aug-10,10.47,10.90,13.7,,,3.1
17-Aug-10,10.15,10.80,12.4,0.0075,0.006,3.5
23-Aug-10,8.80,10.90,13.3,,,3.3
31-Aug-10,8.53,11.10,13.3,0.0085,0.005,3.0
07-Sep-10,10.04,10.60,14.4,,,2.1
14-Sep-10,10.09,10.50,15.6,0.005,0.004,2.6
21-Sep-10,7.61,10.50,15.7,,,2.5
28-Sep-10,4.51,10.20,17.6,0.005,0.006,2.1
05-Oct-10,8.01,9.80,18.0,,,3.2
12-Oct-10,7.74,9.70,18.4,0.0105,0.005,3.2
19-Oct-10,4.30,9.60,18.0,,,2.2
26-Oct-10,6.63,9.30,18.5,0.005,0.004,2.7
02-Nov-10,5.87,9.10,20.2,,,0.8
09-Nov-10,6.04,9.30,21.8,0.0085,0.005,1.6
16-Nov-10,5.34,8.60,23.0,,,2.0
23-Nov-10,4.47,8.60,22.7,0.0095,0.012,2.4
30-Nov-10,5.96,7.90,23.4,,,2.8
07-Dec-10,3.84,8.40,25.0,0.0115,0.004,2.4
14-Dec-10,6.54,8.20,25.1,,,2.4
21-Dec-10,6.63,8.60,22.7,0.0175,0.003,1.6
29-Dec-10,10.00,8.80,22.5,,,2.9
04-Jan-11,5.64,8.70,23.7,0.0075,0.003,2.8
11-Jan-11,7.63,8.60,25.5,,,3.6
18-Jan-11,7.74,8.60,26.0,0.0135,0.003,2.6
25-Jan-11,5.02,8.30,26.1,,,3.2
01-Feb-11,4.34,8.70,27.6,0.0165,0.004,2.8
08-Feb-11,3.37,8.00,27.2,,,2.1
15-Feb-11,10.00,8.50,25.4,0.0185,0.001,2.9
22-Feb-11,13.19,7.30,25.4,,,3.6
01-Mar-11,6.47,8.80,26.4,0.0135,0.001,1.8
08-Mar-11,7.25,9.20,24.0,,,2.7
15-Mar-11,8.44,8.30,24.3,0.0225,0.001,2.6
22-Mar-11,9.74,9.00,24.8,,,3.6
29-Mar-11,10.36,9.30,22.7,0.02,0.002,3.2
05-Apr-11,12.30,9.30,22.4,,,3.0
12-Apr-11,9.35,9.50,20.7,0.0295,0.005,4.2
19-Apr-11,8.46,10.20,20.1,,,3.9
27-Apr-11,8.81,9.60,19.8,0.028,0.003,3.8
03-May-11,9.32,10.00,19.1,,,3.4
10-May-11,11.63,10.20,17.6,0.034,0.005,4.6
17-May-11,11.60,11.20,14.7,,,3.8
24-May-11,6.87,11.00,15.4,0.033,0.007,3.5
31-May-11,8.46,11.30,14.6,,,2.8
07-Jun-11,3.92,11.50,14.3,0.043,0.002,3.7
21-Jun-11,8.99,12.00,12.7,0.025,0.003,3.8
28-Jun-11,6.88,12.60,11.7,,,3.1
05-Jul-11,7.33,12.00,12.7,0.032,0.002,3.3
12-Jul-11,10.35,12.80,10.8,,,3.7
19-Jul-11,7.93,12.60,11.0,0.031,0.003,2.9
26-Jul-11,8.11,12.40,11.3,,,3.7
02-Aug-11,9.54,12.50,12.0,0.03,0.001,3.0
09-Aug-11,7.85,11.90,12.2,,,3.2
16-Aug-11,7.93,12.00,12.5,0.025,0.002,2.7
23-Aug-11,8.46,12.10,13.4,,,3.7
30-Aug-11,9.61,11.80,14.0,0.077,0.004,2.5
06-Sep-11,6.01,11.70,15.9,,,2.6
13-Sep-11,8.10,11.40,14.6,0.027,0.001,3.7
20-Sep-11,9.61,11.40,18.1,,,2.6
27-Sep-11,7.85,11.10,17.0,0.039,0.006,2.4
04-Oct-11,6.73,11.10,15.9,,,2.5
11-Oct-11,6.99,10.90,16.9,0.098,0.006,1.8
18-Oct-11,7.05,10.60,17.7,,,1.7
25-Oct-11,4.07,10.50,21.4,0.094,0.007,1.8
01-Nov-11,4.85,9.80,19.9,,,1.9
08-Nov-11,5.02,10.20,23.2,0.085,0.002,2.2
15-Nov-11,5.77,9.40,23.0,,,1.7
22-Nov-11,6.61,9.50,23.2,0.019,0.002,3.2
29-Nov-11,9.09,9.90,23.1,,,3.2
06-Dec-11,9.25,10.00,21.4,0.018,0.001,3.2
13-Dec-11,5.65,8.80,21.2,,,2.8
20-Dec-11,5.66,10.10,22.6,0.012,0.003,2.5
27-Dec-11,6.94,4.20,19.4,,,2.8
04-Jan-12,2.64,9.70,27.8,0.075,0.008,2.7
10-Jan-12,3.55,9.60,24.7,,,2.7
17-Jan-12,5.61,9.80,24.0,0.046,0.002,3.0
24-Jan-12,9.40,9.40,24.3,,,3.0
31-Jan-12,4.19,9.50,26.1,0.029,0.003,2.7
07-Feb-12,6.95,8.60,23.9,,,3.1
14-Feb-12,8.72,9.20,24.0,0.087,0.008,3.6
21-Feb-12,3.96,8.00,24.4,,,3.0
28-Feb-12,5.72,9.20,26.1,0.081,0.004,3.1
06-Mar-12,3.59,8.70,24.2,,,2.3
13-Mar-12,6.85,9.60,23.5,0.095,0.005,1.9
20-Mar-12,6.34,9.30,22.9,,,3.9
27-Mar-12,7.69,10.00,22.4,0.05,0.013,3.4
03-Apr-12,6.34,10.10,22.7,,,2.6
10-Apr-12,8.49,9.50,22.2,0.075,0.013,3.7
17-Apr-12,8.80,9.80,21.1,,,4.2
24-Apr-12,5.70,9.70,20.8,0.112,0.002,2.7
01-May-12,7.40,11.10,17.4,,,4.6
08-May-12,6.14,10.30,17.5,0.117,0.006,5.4
15-May-12,5.96,10.90,15.9,,,4.9
22-May-12,5.93,11.30,15.4,0.076,0.007,12.0
29-May-12,5.87,11.90,14.6,,,4.2
05-Jun-12,3.88,11.80,14.0,0.078,0.001,3.9
12-Jun-12,5.66,11.80,13.8,,,1.8
20-Jun-12,3.33,12.60,12.5,0.059,0.013,4.3
26-Jun-12,2.41,12.70,11.9,,,3.0
03-Jul-12,2.94,12.40,12.1,0.059,0.002,2.2
10-Jul-12,1.57,13.00,12.0,,,2.7
17-Jul-12,4.19,12.60,12.1,0.063,0.001,2.7
24-Jul-12,3.31,13.10,12.1,,,2.5
31-Jul-12,2.85,12.70,12.2,0.069,0.001,2.7
07-Aug-12,3.55,13.00,11.6,,,2.7
14-Aug-12,1.35,13.40,11.0,0.073,0.002,3.2
21-Aug-12,2.56,13.50,11.8,,,2.5
28-Aug-12,1.87,12.70,13.3,0.068,0.003,2.1
04-Sep-12,2.64,13.20,12.9,,,1.9
11-Sep-12,3.66,12.50,15.7,0.063,0.011,1.9
18-Sep-12,3.58,12.00,15.9,,,1.5
25-Sep-12,4.13,12.30,16.3,0.123,0.003,1.3
02-Oct-12,4.45,8.91,18.4,,,2.2
09-Oct-12,5.13,11.90,17.7,0.176,0.012,2.3
16-Oct-12,6.66,11.70,18.2,,,2.1
23-Oct-12,4.06,11.40,18.0,0.011,0.003,1.7
30-Oct-12,6.66,11.40,19.3,,,2.1
06-Nov-12,2.67,11.00,21.4,0.014,0.012,2.3
13-Nov-12,5.35,10.70,21.5,,,1.9
20-Nov-12,6.47,10.40,21.0,0.033,0.002,3.2
27-Nov-12,4.47,10.60,23.2,,,1.8
4-Dec-12,5.76,10.2,23.3,0.003,0.001,1.6
11-Dec-12,8.17,10.1,21.8,,,4
19-Dec-12,3.26,10,24.2,0.009,0.004,4.7
24-Dec-12,3.40,10,25.3,,,3
30-Dec-12,4.71,10.2,23.4,0.028,0.009,5.5
8-Jan-13,2.09,9.9,25.2,,,2.3
15-Jan-13,7.45,9.8,23.9,0.014,0.007,3.6
22-Jan-13,4.61,9.9,25.1,,,4
29-Jan-13,3.63,9.6,24.6,0.159,0.009,8.4
5-Feb-13,6.81,10.3,22.1,,,5
12-Feb-13,4.52,9.2,23.4,0.017,0.007,3.3
19-Feb-13,4.02,9.5,24.1,,,2.2
26-Feb-13,3.55,9.8,24.8,0.138,0.008,3.1
5-Mar-13,7.12,10.2,22.5,,,3
12-Mar-13,4.49,10.2,23.5,0.026,0.011,2.8
19-Mar-13,5.96,9.6,21.5,,,3
26-Mar-13,4.19,9.9,23.7,0.054,0.008,2.4
2-Apr-13,5.23,9.9,21.6,,,2
9-Apr-13,8.60,6.83,22.4,0.125,0.001,2.1
16-Apr-13,7.19,6.25,21.9,,,1.8
23-Apr-13,6.08,7.75,20,0.053,0.007,4.7
30-Apr-13,5.76,9.01,20.1,,,2.6
7-May-13,7.67,10.8,18,0.056,0.002,3
14-May-13,5.07,8.8,18.7,,,2.2
21-May-13,6.70,11.6,15.6,0.087,0.002,2.3
28-May-13,7.45,11.6,15.5,,,2.1
4-Jun-13,4.27,12.3,14.6,0.044,0.002,3.5
11-Jun-13,7.03,11.9,14.5,,,1.6
18-Jun-13,6.87,12.5,13.8,0.03,0.009,2.6
25-Jun-13,6.47,13.1,11.7,,,2.2
2-Jul-13,4.67,12.4,13.2,0.026,0.001,1.4
9-Jul-13,7.10,12.8,12.1,,,1.5
16-Jul-13,4.66,12.6,13.8,0.024,0.001,2
23-Jul-13,3.44,12.8,11.6,,,2.9
30-Jul-13,2.54,13,12.6,0.024,0.001,2.4
6-Aug-13,4.58,12.8,12.4,,,2.9
12-Aug-13,5.77,12.8,12.9,0.022,0.002,2.8
20-Aug-13,3.55,13,12.5,,,1.6
27-Aug-13,4.71,12.9,12.8,0.015,0.001,1.6
3-Sep-13,3.68,12.8,15,,,1.5
10-Sep-13,2.70,12,17.8,0.023,0.003,1.1
17-Sep-13,4.81,11.6,16.7,,,1.5
24-Sep-13,2.82,11.6,17.6,0.007,0.005,2.1
1-Oct-13,-0.52,11.6,18.3,,,1.9
8-Oct-13,3.76,11.5,17.8,0.015,0.001,2.6
15-Oct-13,3.48,11.7,17.6,,,10
22-Oct-13,3.74,11,21.3,0.011,0.002,13
29-Oct-13,6.09,10.8,20.6,,,1.7
5-Nov-13,4.76,10.9,20,0.025,0.001,2.3
12-Nov-13,3.20,10.5,21.1,,,4.5
19-Nov-13,2.01,10.9,19.9,0.03,0.001,2.9
26-Nov-13,6.41,10.3,20.9,,,2.9
3-Dec-13,4.02,10.7,21.2,0.038,0.001,2.8
10-Dec-13,7.95,10,25.4,,,2.4
17-Dec-13,5.29,10.2,23.5,0.016,0.001,2.5
23-Dec-13,3.55,9.8,27,,,2.8
30-Dec-13,5.52,10,24.2,0.028,0.001,2.9
7-Jan-14,6.66,6.83,25.5,,,3.2
14-Jan-14,2.88,6.63,25.6,0.04,0.001,5
21-Jan-14,0.78,6.88,26.7,,,3.6
28-Jan-14,7.94,7.4,25.5,0.019,0.002,3.2
3-Feb-14,4.97,7.31,25.9,,,6
11-Feb-14,7.12,7.1,25.3,0.013,0.002,3
18-Feb-14,9.06,7.12,25,,,5.8
25-Feb-14,16.02,7.82,24.8,0.008,0.001,6.6
4-Mar-14,10.13,7.7,24.3,,,2.9
11-Mar-14,9.04,7.56,25.6,0.0025,0.005,1.9
18-Mar-14,5.02,6.63,23.9,,,4
25-Mar-14,4.19,6.57,24.2,0.0025,0.001,100
1-Apr-14,3.66,6.82,23.7,,,4.2
09-Apr-14,6.48,6.89,23.1,0.005,0.001,5.8
15-Apr-14,6.68,8.3,21.4,,,2.0
23-Apr-14,4.23,8.7,20.0,0.005,0.001,1.4
29-Apr-14,4.22,9.1,18.7,,,2.8
06-May-14,5.97,9.8,15.4,0.005,0.001,1.8
13-May-14,3.97,9.4,16.9,,,2.2
20-May-14,3.63,9.4,16.8,0.005,0.001,2.1
27-May-14,3.40,9.6,17.7,,,2.4
03-Jun-14,3.40,9.4,16.9,0.012,0.001,2.2
10-Jun-14,3.23,9.9,15.7,,,
18-Jun-14,4.40,10.4,14.4,0.0085,0.001,2.4
24-Jun-14,3.36,10.1,14.5,,,2.2
02-Jul-14,2.09,11.2,11.2,0.0095,0.001,1.9
08-Jul-14,2.07,11.4,11.4,,,2.4
15-Jul-14,3.88,11.3,11.5,0.022,0.001,3.0
22-Jul-14,3.40,11.3,11.1,,,2.2
29-Jul-14,3.60,11.1,11.7,0.0115,0.001,2.8
05-Aug-14,5.33,11.4,12.1,,,2.2
12-Aug-14,1.66,11.1,11.4,0.0075,0.001,2.3
19-Aug-14,2.85,10.6,13.7,,,2.0
26-Aug-14,0.50,10.5,14.0,0.015,0.001,1.4
02-Sep-14,3.59,10.3,15.6,,,1.2
09-Sep-14,2.28,10.5,15.9,0.0075,0.001,1.7
16-Sep-14,4.18,10.3,17.4,,,2.3
23-Sep-14,3.04,10.2,17.0,0.005,0.001,2.4
30-Sep-14,3.37,9.9,18.6,,,2.4
07-Oct-14,2.73,9.5,21.7,0.005,0.002,1.6
14-Oct-14,3.63,9.3,20.2,,,2.4
21-Oct-14,2.09,9.3,19.3,0.005,0.002,1.4
28-Oct-14,2.82,9.2,21.8,,,1.3
04-Nov-14,2.19,9.1,20.7,0.005,0.009,2.6
12-Nov-14,1.97,8.8,22.2,,,1.9
18-Nov-14,2.03,8.8,23.0,0.0075,0.001,2.2
02-Dec-14,2.54,8.5,24.4,0.005,0.001,2.2
09-Dec-14,3.26,8.4,25.7,,,1.6
16-Dec-14,1.40,8.7,24.0,0.0105,0.001,1.5
23-Dec-14,3.26,8.6,24.8,,,5.0
30-Dec-14,1.83,8.5,26.0,0.014,0.001,2.8
06-Jan-15,2.95,8.2,26.1,,,1.6
13-Jan-15,5.33,8,26.4,0.0105,0.001,2.0
20-Jan-15,2.51,8.3,24.9,,,4.5
27-Jan-15,5.64,8.2,25.2,0.0115,0.001,2.2
03-Feb-15,3.11,8.7,24.3,,,3.5
10-Feb-15,1.74,8.4,24.9,0.005,0.002,2.8
16-Feb-15,3.08,8.3,25.9,,,2.6
24-Feb-15,3.04,8.7,25.2,0.031,0.001,1.6
03-Mar-15,5.17,8.3,23.9,,,1.8
10-Mar-15,3.6,8.3,25.6,0.012,0.001,3.3
17-Mar-15,4.7,6.79,24,,,2.4
23-Mar-15,5.9,7.9,23.5,0.029,0.001,2.6
31-Mar-15,4.8,8.73,23.4,,,1.3
7-Apr-15,4.4,8.14,22.3,0.0205,0.001,1.6
14-Apr-15,3.2,8.37,20.1,,,1
23-Apr-15,,,,0.021,,1.5
24-Apr-15,,,,0.032,,3.2
26-Apr-15,,,18.7,0.031,,4.5
27-Apr-15,,,18.2,0.038,,5.7
28-Apr-15,2.4,7.72,18,0.052,,7.9
28-Apr-15,2.4,,18,0.052,,7.9
29-Apr-15,,,18,0.062,,6.9
30-Apr-15,,,18,0.0135,,4.9
5-May-15,3,7.85,18.3,0.051,0.004,5.2
12-May-15,5.5,8.55,16.6,,,5.6
19-May-15,3.3,8.71,15.9,0.048,0.002,3.3
26-May-15,,7.86,15.5,,,4.1
2-Jun-15,1.5,9.89,13.4,0.061,0.002,4.3
10-Jun-15,3.1,12.05,14,,,3.9
16-Jun-15,3,11.48,14.4,0.066,0.002,3.4
23-Jun-15,1.2,10.38,13.6,,,3
2-Jul-15,2.2,11.52,13.6,0.075,0.004,3.7
7-Jul-15,1.8,9.42,12.6,,,3.9
15-Jul-15,4.3,10.71,9.1,0.069,0.001,4
21-Jul-15,4.3,10,11.3,,,2.8
28-Jul-15,3.6,10.18,11.4,0.0755,0.001,2.7
4-Aug-15,2.6,9.98,12,,,3.1
13-Aug-15,,10.22,11.8,,,3.1
23-Aug-15,,,,,,
23-Aug-15,,,,,,
25-Aug-15,1.9,9.68,14.4,0.082,0.006,2.2
1-Sep-15,1,9.7,13.7,,,3.3
8-Sep-15,2.3,9.47,14.3,0.1,0.004,2.1
15-Sep-15,3.3,7.6,17.1,,,2.3
22-Sep-15,2.3,9.17,17.1,0.083,0.003,2.4
29-Sep-15,3.7,9.1,16,,,2.4
6-Oct-15,3.4,8.7,19.9,0.066,0.002,1.8
13-Oct-15,3.7,8.12,21,,,2.6
20-Oct-15,4.9,7.96,23.5,0.03,0.003,1.9
27-Oct-15,5.7,7.17,21.3,,,2.5
3-Nov-15,3.2,7.07,22,0.037,0.001,2.2
10-Nov-15,7.7,7.39,22.2,,,2.1
17-Nov-15,6.2,7.17,22.3,0.037,0.001,2.2
24-Nov-15,6.2,7.09,23.3,,,1.8
1-Dec-15,1,7.54,24.5,0.02,0.001,1.5
8-Dec-15,2.9,7.3,25.1,,,1.7
15-Dec-15,5,7.3,25.4,0.0265,0.001,1.5
22-Dec-15,4.2,6.57,25.4,,,2
29-Dec-15,5.6,6.7,24,0.016,0.001,2
5-Jan-16,7.2,7.2,23.7,,,2.2
7-Jan-16,,,,,,2.4
8-Jan-16,,,,,,3
9-Jan-16,,7.68,23,,,2
11-Jan-16,,8.23,23.9,,,1.5
12-Jan-16,0.5,7.47,24.8,0.0115,0.001,1.7
14-Jan-16,,,,,,2.1
19-Jan-16,,7.41,24.4,,,2.5
19-Jan-16,4.4,7.41,24.4,,,3
27-Jan-16,3.8,6.86,25.6,0.012,0.001,2.8
2-Feb-16,4.8,5.71,25.1,,,2.8
10-Feb-16,6.8,5.81,25.5,0.033,0.005,2.8
16-Feb-16,4.8,6.77,26.6,,,2.9
23-Feb-16,3.4,6.61,27.5,0.0145,0.001,3
1-Mar-16,8.2,6.47,26.7,,,2.2
8-Mar-16,7.6,7.08,27.1,0.0145,0.002,2.5
15-Mar-16,8.5,6.35,26.9,,,1.6
22-Mar-16,8.6,5.98,24.3,0.0135,0.003,2.4
29-Mar-16,3.8,6.07,24.7,,,2.4
5-Apr-16,4.7,6.08,24,0.0075,0.001,1.6
12-Apr-16,3.6,6.75,22.9,,,1.4
19-Apr-16,1.8,5.66,22.1,0.0165,0.001,1.4
26-Apr-16,6.7,6.35,21.2,,,1.9
3-May-16,4.4,6.68,20.9,0.0205,0.001,1.6
10-May-16,2.4,7.23,20.4,,,3.4
17-May-16,4.4,7.41,18.4,0.0255,0.006,2
24-May-16,3.4,7.53,17.5,,,2
31-May-16,4.1,7.85,14.8,0.005,0.001,2.5
7-Jun-16,4.8,8.43,14.6,,,2.8
14-Jun-16,7.8,8.01,14.3,0.021,0.007,2.1
22-Jun-16,4.4,8.7,13.8,,,3.8
28-Jun-16,3.2,8.8,12.2,0.027,0.01,2.7
05-Jul-16,4.9,11.8,11.8,,,2.1
12-Jul-16,4.7,9.5,12.8,0.027,0.002,1.9
19-Jul-16,4,9.4,11.7,,,2.9
26-Jul-16,,9.3,12.0,0.033,0.005,2.2
02-Aug-16,5,10.6,12.4,,,2.8
09-Aug-16,4.4,9.0,12.6,0.046,0.002,2.1
16-Aug-16,0.5,8.5,14.0,,,2.0
23-Aug-16,4.2,,13.8,0.031,0.005,1.9
30-Aug-16,5.2,8.8,14.0,,,1.7
06-Sep-16,3.7,8.4,14.9,0.0255,0.003,1.6
13-Sep-16,4.8,8.5,16.5,,,1.4
20-Sep-16,5.3,7.7,16.4,0.0105,0.005,1.9
27-Sep-16,7.2,8.6,16.4,,,1.0
04-Oct-16,3.6,9.4,16.3,0.0335,0.003,1.5
11-Oct-16,2.2,9.3,17.6,,,2.0
18-Oct-16,3.2,9.0,17.6,0.0145,0.003,1.9
25-Oct-16,5.1,9.04,17.8,,,1.8
02-Nov-16,3.1,8.97,19.8,0.005,0.002,1.7
08-Nov-16,2.8,8.79,21.5,,,2.2
15-Nov-16,4.7,8.24,21.3,0.0075,0.002,1.7
22-Nov-16,1.9,8.29,25,,,1.2
29-Nov-16,2,8.06,24.7,0.0105,0.004,1.2
06-Dec-16,2.1,7.95,24.9,,,0.95
13-Dec-16,2.4,8.08,26.1,0.0275,0.003,1.5
20-Dec-16,4.2,7.97,24.4,,,1.5
28-Dec-16,3.2,6.72,26.3,0.0115,0.002,3.5
03-Jan-17,1.9,7.06,26,,,1.3
10-Jan-17,4.2,8,26.5,0.0105,0.003,1.1
17-Jan-17,3.6,7.72,27.2,,,1.6
24-Jan-17,3.4,7.72,27.2,0.0115,0.003,1.5
31-Jan-17,2.6,7.74,28.3,,,1.4
07-Feb-17,1.2,7.47,28.2,0.005,0.002,1.4
21-Feb-17,5.2,7.64,26,0.038,0.001,2.7
28-Feb-17,6.2,7.81,24.9,,,2.7
07-Mar-17,4.4,7.97,23.7,0.029,0.002,2.6
14-Mar-17,5.3,8.07,23.7,,,1.2
21-Mar-17,3.5,8.13,23.9,0.0765,0.003,1.6
27-Mar-17,3.1,8.06,25.2,,,1.3
04-Apr-17,5.6,7.45,22.8,0.044,0.001,2.1
12-Apr-17,5,8.04,20.6,,,2
18-Apr-17,5,6.46,21.3,0.064,0.004,2.4
24-Apr-17,1.2,8.33,21.6,,,1.8
02-May-17,2.8,7.24,19.3,0.098,0.004,4
09-May-17,5.8,7.4,18.6,,,2.5
16-May-17,2.7,7.63,18,0.13,0.004,2.2
23-May-17,2.7,8.34,17.9,,,1.6
30-May-17,4.3,8.85,16.2,0.083,0.003,1.9
06-Jun-17,3.6,9.34,15.2,,,1.5
13-Jun-17,1.7,9.66,15.1,0.083,0.001,1.4
20-Jun-17,0.5,9.39,14.9,,,2.1
27-Jun-17,4.1,9.65,13.8,0.106,0.002,2.1
04-Jul-17,5.2,9.61,14.5,,,2.3
11-Jul-17,3.1,9.68,12.7,0.074,0.009,2.9
18-Jul-17,3.5,9.72,13.3,,,2.1
25-Jul-17,4.7,10.22,11.9,0.067,0.001,2.4
01-Aug-17,4.1,9.45,12,,,2.1
15-Aug-17,4.1,9.93,12.8,,,2.6
22-Aug-17,2.7,8.85,12.6,0.067,0.004,2
28-Aug-17,2.1,9.44,13.1,,,2.3
12-Sep-17,3.7,10.23,14,,,2.8
19-Sep-17,2,10.05,15.7,0.077,0.003,2.8
26-Sep-17,3.3,9.44,17,,,1.9
03-Oct-17,3,9.32,18.2,0.066,0.003,1.9
10-Oct-17,3.7,8.85,19.2,,,2.4
17-Oct-17,6.7,9.21,21.3,0.052,0.003,2.2
24-Oct-17,5.5,9,20.1,,,3.1
31-Oct-17,4.5,8.39,21.2,0.0145,0.008,2.4
07-Nov-17,5.5,8.59,20.6,,,2.5
14-Nov-17,5.1,8.6,21.7,0.005,0.001,2.7
21-Nov-17,3.4,8.71,22.3,,,2.3
28-Nov-17,3.3,8.22,24.2,0.0195,0.002,1.4
05-Dec-17,5.3,7.93,23.7,,,1.7
12-Dec-17,2.5,8.35,24.7,0.0285,0.001,3.8
19-Dec-17,0.5,8.01,26.8,,,1.1
27-Dec-17,3.4,7.81,25.6,0.0185,0.002,1.3
02-Jan-18,3.7,8.02,26.3,,,1.2
09-Jan-18,1,7.96,27.1,0.0125,0.002,1.7
18-Jan-18,4.6,8.32,23.7,,,2
30-Jan-18,0.5,7.71,27.1,,,2.9
06-Feb-18,2.5,8.33,24.5,0.0535,0.002,1.8
13-Feb-18,5,7.84,25.8,,,4.9
22-Feb-18,5,7.46,25,0.0335,0.003,2.4
27-Feb-18,4.9,7.72,24.4,,,2.5
06-Mar-18,4.5,7.99,24.9,0.058,0.002,2.2
13-Mar-18,1.9,8.22,24.2,,,1.75
20-Mar-18,3.9,8.07,25.3,0.0185,0.007,0.95
27-Mar-18,2.4,7.96,23.4,,,1.89
03-Apr-18,3.6,7.45,24.1,0.038,0.005,
10-Apr-18,2.5,7.96,24.2,,,1.25
17-Apr-18,4.4,7.22,22.6,0.032,0.012,3.62
24-Apr-18,6.7,7.45,21.6,,,1.8
02-May-18,7.1,8.71,20,0.0375,0.001,3.1
08-May-18,6.2,8.19,19.4,,,2.2
15-May-18,4.8,9.51,16.3,0.0195,0.006,3.1
23-May-18,5.5,9.78,15.1,,,3.5
29-May-18,3.5,9.79,15.1,0.037,0.012,3.2
05-Jun-18,2.6,9.87,14.4,,,2.7
13-Jun-18,2.5,9.94,13.9,0.059,0.007,3.3
19-Jun-18,3.6,10.01,12.6,,,3.8
26-Jun-18,2.7,9.42,11.8,0.033,0.004,2.7
03-Jul-18,2.9,10.11,12.8,,,2.7
10-Jul-18,4.7,10.18,11.9,0.054,0.002,3.2
17-Jul-18,3.6,10.4,11,,,3.6
24-Jul-18,4.3,10.32,12,0.065,0.001,4.7
31-Jul-18,4.1,10.25,11.9,,,3.3
07-Aug-18,2.9,10.19,12.5,0.0285,0.001,3.6
14-Aug-18,3.5,10.05,12.5,,,3.2
21-Aug-18,2.4,10.31,12.2,0.025,0.002,2.6
28-Aug-18,3.7,10.21,12.7,,,3.5
04-Sep-18,2.5,10.01,13.5,0.067,0.003,2.7
10-Sep-18,3.7,9.72,14.8,,,2.9
17-Sep-18,4.1,9.58,15.3,0.058,0.004,3.1
24-Sep-18,2.6,9.66,16.4,0.012,0.004,3
02-Oct-18,2.7,9.69,18.2,0.005,0.003,2.9
09-Oct-18,0.5,9.21,17.8,0.007,0.001,3.1
16-Oct-18,2.5,9.15,18.9,0.027,0.002,2.8
23-Oct-18,4.3,8.83,21,,,2.6
30-Oct-18,3.4,8.53,21.1,0.044,0.011,2.7
06-Nov-18,3.5,8.12,24.5,,,2.2
13-Nov-18,5,8.26,23.2,0.0475,0.004,2
20-Nov-18,10.7,8.29,22.6,,,1.7
27-Nov-18,4.8,8.42,21.5,0.136,0.003,2.5
04-Dec-18,7.4,8.41,22,,,2
11-Dec-18,1.1,7.9,23.4,0.0575,0.001,2
18-Dec-18,3.7,7.79,24.9,,,1.6
27-Dec-18,4.1,7.67,27.1,0.015,0.001,1.2
